phone number,id
6986377788,1
6948296620,1
6985442799,1
6958942737,2
6968960110,2
6936561624,2
6948448433,2
6991878222,3
6977576341,4
6960394773,4
6971221041,4
6903651651,4
6924621926,5
6991670006,5
6916370296,5
6970815334,5
6964785524,6
6963698286,6
6904386549,6
6942154370,7
6959873117,8
6952615218,8
6951559777,9
6907153359,9
6914879537,10
6993462646,10
6943809785,10
6942732112,11
6920413491,12
6939657776,12
6941183262,13
6951454983,13
6903684639,13
6903580888,13
6914934446,14
6902127873,14
6977653909,14
6901754869,14
6970948772,15
6950068717,15
6901671407,15
6998991992,16
6919152667,16
6951943910,16
6963455482,17
6923759399,17
6975954018,17
6946474622,17
6970906547,18
6904227004,18
6942981212,19
6976460804,19
6979964520,19
6933287000,19
6983269040,20
6924374061,20
6953214203,21
6911816790,22
6913144873,22
6922190156,23
6996495495,23
6918760258,23
6945097281,24
6932914089,24
6928443360,24
6995586659,24
6923688986,25
6979183968,26
6957462082,26
6977306598,27
6949961533,27
6920029200,28
6965093781,28
6905388837,28
6938693320,28
6982427272,29
6988759619,29
6973335721,29
6960148784,29
6989321607,30
6980829687,30
6921531413,30
6983370686,30
